Metric,N_pairs,Difference_Nash_minus_Baseline,Difference_95CI_low,Difference_95CI_high,paired_t,p_value,cohens_d_paired
Safety,200,0.016749999999999998,0.009655940237099918,0.023844059762900077,4.627815538246742,6.654191587102478e-06,0.32723597491747436
Efficiency,200,0.021849999999999987,0.01626970510856487,0.027430294891435104,7.674504812591753,7.284939842644227e-13,0.5426694395232423
Equity,200,-0.00012499999999998846,-0.014591764227395663,0.014341764227395687,-0.01693536966172584,0.9865051430640778,-0.0011975114729707267
Composite,200,0.01309999999999999,0.007571294178534945,0.018628705821465037,4.644124833033009,6.1972170943446265e-06,0.32838921621144834
