{
  "Control (Template)": {
    "Safety Score": 0.5,
    "Efficiency Score": 0.5,
    "Equity Score": 0.2999999999999999,
    "Composite Score": 0.4333333333333335,
    "Safety CI Lower": 0.5,
    "Safety CI Upper": 0.5,
    "Efficiency CI Lower": 0.5,
    "Efficiency CI Upper": 0.5,
    "Equity CI Lower": 0.2999999999999999,
    "Equity CI Upper": 0.2999999999999999
  },
  "Safety Agent Only": {
    "Safety Score": 0.8429237689154531,
    "Efficiency Score": 0.506792125858407,
    "Equity Score": 0.4,
    "Composite Score": 0.5832386315912867,
    "Safety CI Lower": 0.8425486621793775,
    "Safety CI Upper": 0.8432988756515286,
    "Efficiency CI Lower": 0.5059712038831365,
    "Efficiency CI Upper": 0.5076130478336776,
    "Equity CI Lower": 0.4,
    "Equity CI Upper": 0.4
  },
  "Efficiency Agent Only": {
    "Safety Score": 0.5977359580471977,
    "Efficiency Score": 0.9000000000000004,
    "Equity Score": 0.2999999999999999,
    "Composite Score": 0.5992453193490659,
    "Safety CI Lower": 0.5974623173887742,
    "Safety CI Upper": 0.5980095987056212,
    "Efficiency CI Lower": 0.9000000000000004,
    "Efficiency CI Upper": 0.9000000000000004,
    "Equity CI Lower": 0.2999999999999999,
    "Equity CI Upper": 0.2999999999999999
  },
  "Equity Agent Only": {
    "Safety Score": 0.5999999999999998,
    "Efficiency Score": 0.4,
    "Equity Score": 0.9000000000000004,
    "Composite Score": 0.633333333333333,
    "Safety CI Lower": 0.5999999999999998,
    "Safety CI Upper": 0.5999999999999998,
    "Efficiency CI Lower": 0.4,
    "Efficiency CI Upper": 0.4,
    "Equity CI Lower": 0.9000000000000004,
    "Equity CI Upper": 0.9000000000000004
  },
  "Multi-Agent (Nash)": {
    "Safety Score": 0.9161448922212982,
    "Efficiency Score": 0.6500000000000002,
    "Equity Score": 0.9000000000000004,
    "Composite Score": 0.8220482974070994,
    "Safety CI Lower": 0.9158946686541123,
    "Safety CI Upper": 0.9163951157884842,
    "Efficiency CI Lower": 0.6500000000000002,
    "Efficiency CI Upper": 0.6500000000000002,
    "Equity CI Lower": 0.9000000000000004,
    "Equity CI Upper": 0.9000000000000004
  }
}