{
  "Control (Template)": {
    "Safety Score": 0.5,
    "Efficiency Score": 0.5,
    "Equity Score": 0.29999999999999993,
    "Composite Score": 0.4333333333333335,
    "Safety CI Lower": 0.5,
    "Safety CI Upper": 0.5,
    "Efficiency CI Lower": 0.5,
    "Efficiency CI Upper": 0.5,
    "Equity CI Lower": 0.29999999999999993,
    "Equity CI Upper": 0.29999999999999993
  },
  "Safety Agent Only": {
    "Safety Score": 0.842923768915453,
    "Efficiency Score": 0.506792125858407,
    "Equity Score": 0.40000000000000013,
    "Composite Score": 0.5832386315912866,
    "Safety CI Lower": 0.8425486621793774,
    "Safety CI Upper": 0.8432988756515285,
    "Efficiency CI Lower": 0.5059712038831365,
    "Efficiency CI Upper": 0.5076130478336776,
    "Equity CI Lower": 0.40000000000000013,
    "Equity CI Upper": 0.40000000000000013
  },
  "Efficiency Agent Only": {
    "Safety Score": 0.5977359580471976,
    "Efficiency Score": 0.9000000000000001,
    "Equity Score": 0.29999999999999993,
    "Composite Score": 0.599245319349066,
    "Safety CI Lower": 0.5974623173887741,
    "Safety CI Upper": 0.5980095987056211,
    "Efficiency CI Lower": 0.9000000000000001,
    "Efficiency CI Upper": 0.9000000000000001,
    "Equity CI Lower": 0.29999999999999993,
    "Equity CI Upper": 0.29999999999999993
  },
  "Equity Agent Only": {
    "Safety Score": 0.5999999999999999,
    "Efficiency Score": 0.40000000000000013,
    "Equity Score": 0.9000000000000001,
    "Composite Score": 0.633333333333333,
    "Safety CI Lower": 0.5999999999999999,
    "Safety CI Upper": 0.5999999999999999,
    "Efficiency CI Lower": 0.40000000000000013,
    "Efficiency CI Upper": 0.40000000000000013,
    "Equity CI Lower": 0.9000000000000001,
    "Equity CI Upper": 0.9000000000000001
  },
  "Multi-Agent (Nash)": {
    "Safety Score": 0.9161448922212984,
    "Efficiency Score": 0.6500000000000001,
    "Equity Score": 0.9000000000000001,
    "Composite Score": 0.8220482974070994,
    "Safety CI Lower": 0.9158946686541124,
    "Safety CI Upper": 0.9163951157884843,
    "Efficiency CI Lower": 0.6500000000000001,
    "Efficiency CI Upper": 0.6500000000000001,
    "Equity CI Lower": 0.9000000000000001,
    "Equity CI Upper": 0.9000000000000001
  }
}